run,station_id,Snow,SM,SUZ,SLZ,S
run_01,401203,14.400917881690479,390.0350895084234,26.746714565921785,44.01201946103561,475.19474141707127
run_01,401208,0,456.04722020849005,29.67411280702818,237.97495040154516,723.6962834170633
run_01,401210,0,401.5626020919932,103.0772735779361,76.7985994803118,581.4384751502412
run_01,401212,16.572243334577095,317.65762140574554,92.93149329333359,60.45175143169356,487.61310946534974
run_01,401216,20.71945376952235,421.4016540085964,105.16655802400174,78.68722140732541,625.9748872094459
run_01,401217,12.37462587043743,458.1530623764319,40.234676935779305,41.75268651687137,552.51505169952
run_01,401220,0,476.78281594470343,31.338400742534503,17.328883526400766,525.4501002136387
run_01,402204,0,454.5280469632776,36.658495844272935,127.69187617276343,618.8784189803139
run_01,402206,0,499.6541765458402,99.73512237790247,157.9948037539594,757.384102677702
run_01,403214,0,512.1061754094015,67.76583101912,515.1365601667723,1095.0085665952938
run_01,403217,0,499.509861570507,63.39589094526598,16.944343932087794,579.8500964478608
run_01,403221,0,360.2056294469333,9.00557792000794,14.993569785814053,384.2047771527553
run_01,403226,0,482.52150074525315,45.85861005315414,23.40473609787809,551.7848468962853
run_01,403232,0,502.4360041741459,82.0428462878003,24.58047072646069,609.0593211884069
run_01,404207,0,473.71564419272624,22.099966959633214,6.369890372169036,502.1855015245285
run_01,405205,3.4571252702020416,394.48775451240886,59.93176229053665,262.60824565869876,720.4848877318464
run_01,405209,0,456.3545355931548,44.5060095072284,56.71759240315946,557.5781375035426
run_01,405212,0,371.96929342773245,16.800932712179847,144.12374107794284,532.8939672178551
run_01,405214,0,472.7423270262203,30.29335147824206,14.136594938210019,517.1722734426725
run_01,405215,20.792610566252502,359.94983791202867,58.0198723810293,30.886667863942392,469.64898872325284
run_01,405217,0,434.187188694517,18.313122062614916,24.927075048687303,477.4273858058192
run_01,405219,9.150660670181304,399.54028241001697,58.72627855960552,28.89052269728873,496.3077443370926
run_01,405226,0,244.75381428534186,9.939356557780137,35.18924960114765,289.88242044426966
run_01,405227,0,437.1002817181707,54.27529188994427,34.724944827799824,526.1005184359149
run_01,405228,0,328.4929189217218,9.174593953296366,10.322834460998557,347.9903473360167
run_01,405229,0,224.72330031968733,12.321152016502419,1.7299572524613434,238.77440958865108
run_01,405230,0,225.77767330717444,10.430065030923561,0.07516389751889027,236.2829022356169
run_01,405231,0,487.931825666733,20.034329183484797,25.46296036235729,533.4291152125751
run_01,405238,0,363.70521748389814,23.118458315559394,89.24964756658409,476.0733233660416
run_01,405240,0,308.9011165346187,11.74342897815194,6.113922347113974e-6,320.644551626693
run_01,405241,33.02768157831156,49.50612638196791,150.30540084999305,139.62436697753307,372.46357578780555
run_01,405245,0,269.8340868183476,25.355755620455326,150.36498217546105,445.554824614264
run_01,405248,0,230.98348414864185,8.959114175212521,66.68203266956478,306.62463099341915
run_01,405251,0,461.93343535373634,26.671701378391717,6.608373970190598,495.2135107023187
run_01,405264,6.994864388401505,467.50783779715687,73.76132822678156,38.42657506969438,586.6906054820344
run_01,405274,0,262.6691403124545,11.584559763266945,2.755114889519333,277.0088149652408
run_01,406214,0,440.421320129152,13.595189499861602,1.6578570157287984,455.67436664474235
run_01,406224,0,256.628399962,10.4919094510782,8.266576213129969e-5,267.1203920788403
run_01,406226,0,292.5259120110511,14.601362308871968,1.4395937198347566,308.5668680397578
run_01,406235,0,257.6916390228867,8.19842770529776,5.397152021435206,271.2872187496197
run_01,406250,0,446.477186552737,14.319761608566992,17.909645068704517,478.7065932300085
run_01,407214,0,410.0291991590883,27.092938038190777,45.35234902406013,482.4744862213392
run_01,407253,0,221.65390973454782,9.480119915495045,47.79718378227197,278.93121343231485
run_01,408202,0,302.38230983051153,15.860431421109833,90.5725480140641,408.81528926568546
run_01,408206,0,331.19873165821025,11.607631665115505,0.0011680277796798752,342.8075313511054
run_01,410033,8.151164581737127,402.7806482950885,10.354857645934672,9.767225907413827,431.0538964301741
run_01,410047,0,369.26966787137945,10.514701582644815,6.529795232681229,386.3141646867055
run_01,410061,0,449.5666171542598,22.741326784158126,136.52643677729253,608.8343807157105
run_01,410088,37.177100298784005,517.1128303920781,50.226474492433596,52.00839157438853,656.5247967576842
run_01,410156,0,196.0254955035455,10.664609637321668,19.29268303398031,225.98278817484749
run_01,410705,0,217.86254914548132,11.06221825589725,88.39962575183536,317.3243931532139
run_01,410730,31.99960540911707,441.87257721959935,47.645769675954924,38.37491140663892,559.8928637113103
run_01,410731,0.002741814912190174,382.85305975195877,13.292330323523673,3.670094794507757,399.8182266849024
run_01,410734,1.247446859569108,289.5886207700448,32.812018286146326,6.6563467868957344,330.30443270265596
run_01,410761,5.337957678540768,305.15369812517923,20.912256160384224,4.361971807307029,335.76588377141127
run_01,412029,0,256.7068502111373,19.297584149706328,4.167312860521019e-5,276.0044760339722
run_01,412066,0,319.36252396298624,8.701310575197585,2.279110269366532,330.34294480755034
run_01,415237,0,263.4369258756362,10.73487480376846,7.755789146596815e-5,274.1718782372961
run_01,415238,0,278.31125378202773,23.881963952828876,76.00715038170344,378.20036811656007
run_01,415245,0,331.1612348482539,7.438504959255636,2.900386711689334,341.5001265191989
run_01,416003,0,173.16508265976765,14.41244154437058,9.923943373041624,197.50146757717985
run_01,422202B,0,172.57613533446514,38.21085365821274,8.225760051220747e-5,210.78707125027842
run_01,422306A,0,221.42531975997449,56.91542871679391,2.049911372865365,280.3906598496338
run_01,422319B,0,92.54718128152375,18.119519005225598,29.590101264182984,140.25680155093232
run_01,422321B,0,331.7068595167784,80.39044235128569,78.61547433485379,490.7127762029179
run_01,422334A,0,208.45918425531556,37.35653584424006,1.1742635250300133,246.98998362458562
run_01,422338A,0,120.1079396147376,32.89813563365121,0.7153093748703561,153.72138462325915
run_01,422394A,0,294.82975339612864,19.14657064579599,18.544102685015325,332.52042672693995
run_01,A4260533,0,266.27136306774435,6.241688177795655,8.467186134799584e-4,272.5138979641535
run_02,401203,13.028930385446337,367.5200538395353,31.494449107298784,48.44287291450622,460.4863062467867
run_02,401208,0,459.78141329899876,38.780529815130166,264.38644544473533,762.9483885588643
run_02,401210,0,399.9395264174133,103.14923372564651,76.29472352457266,579.3834836676325
run_02,401212,43.39067412173622,314.03255487234077,85.96050496423118,72.0575430941681,515.4412770524763
run_02,401216,29.929212284418856,490.4320515194091,93.85844682760569,78.92570206855497,693.1454126999886
run_02,401217,6.698451744499901,456.5610777914324,43.61214809895868,39.2850491117391,546.15672674663
run_02,401220,0,481.7111176682244,31.05178713367591,17.117963811904346,529.8808686138046
run_02,402204,0,462.8811347168519,22.016517247397612,23.633641206723073,508.53129317097256
run_02,402206,0,499.9183824738952,102.84300261187822,152.13591356187126,754.8972986476447
run_02,403214,0,490.42128580120914,62.379878127561554,458.007857431037,1010.8090213598077
run_02,403217,0,501.70036245261207,67.43010792173384,14.44765003107234,583.5781204054183
run_02,403221,0,369.7345495402669,9.403142418730361,15.821388285043437,394.9590802440407
run_02,403226,0,484.1495657054738,46.52739164116346,20.555306960446558,551.2322643070838
run_02,403232,0,501.5040142298727,111.39864727131557,424.6264548545896,1037.529116355778
run_02,404207,0,471.4892082948376,25.381515459514752,41.85473851206033,538.7254622664127
run_02,405205,3.133735655420447,393.7237240041301,58.719967372891276,264.8486679288291,720.4260949612709
run_02,405209,0,449.1268255079533,42.18916047968064,55.867308365948986,547.1832943535829
run_02,405212,0,387.02901583870056,11.452278749076477,151.71301360861045,550.1943081963875
run_02,405214,0,466.4889674834018,26.86719353759412,17.592854102429147,510.94901512342506
run_02,405215,0,357.9282017940872,57.3056646676706,30.93250088386158,446.1663673456194
run_02,405217,0,440.55700219099236,14.064056313695644,23.133599894559868,477.7546583992479
run_02,405219,0,399.7750309902951,56.269832133902725,30.38064354894466,486.4255066731425
run_02,405226,0,248.93015929290726,22.335214122168566,0.0010977570517858445,271.26647117212764
run_02,405227,0,440.21875414902087,56.492872239584095,34.68037518427163,531.3920015728766
run_02,405228,0,322.7411008831643,12.419023989284725,3.85427772418158,339.0144025966306
run_02,405229,0,125.45835597447288,13.034620669133332,136.26466797541983,274.757644619026
run_02,405230,0,212.73132948728698,7.337345303836855,1.958508917107464e-8,220.06867481070893
run_02,405231,0,488.17430592201697,19.2238404857744,23.087282473632463,530.4854288814239
run_02,405238,0,372.35297510050634,10.47673976708397,8.078949975927376e-5,382.8297956570901
run_02,405240,0,341.0107297598439,7.920375122983916,3.4177803119352954e-7,348.93110522460586
run_02,405241,11.15093821564041,229.85022347075582,104.52928547578563,81.91000281115653,427.4404499733384
run_02,405245,0,311.46860895679924,18.889278102518645,1.133434555122873,331.4913216144407
run_02,405248,0,252.18144593257972,6.668353235633944,1.9858307092851638e-4,258.8499977512846
run_02,405251,0,461.5233395004311,16.049840605993523,11.421389330634598,488.9945694370592
run_02,405264,0,469.8960017498855,73.80861549389803,38.00999065613353,581.714607899917
run_02,405274,0,218.11210408844462,18.549157108280134,132.19429419086626,368.85555538759104
run_02,406214,0,420.2962091824687,15.309926006764332,1.378770337868459e-4,435.60627306626685
run_02,406224,0,251.12521241975048,12.126435675904403,54.325245209747386,317.5768933054023
run_02,406226,0,293.3161831146932,14.859109175081668,22.259465073651835,330.4347573634267
run_02,406235,0,238.6080507989492,19.7783108381985,99.5341579183092,357.92051955545685
run_02,406250,0,448.9765997583943,15.101087854058719,14.201525906297615,478.2792135187506
run_02,407214,0,409.08846131786044,10.671747911478384,7.277939353150689e-4,419.76093702327415
run_02,407253,0,236.79899054513533,8.827930233404636,1.5569964045894532e-4,245.6270764781804
run_02,408202,0,294.9575874440208,16.980566454925782,106.93438470061082,418.8725385995574
run_02,408206,0,339.11424867811104,21.094273124854556,35.584286821619465,395.79280862458506
run_02,410033,6.336359850342787,399.08180954268715,7.9938601645178355,9.865910310928555,423.2779398684763
run_02,410047,0,385.9105292984008,9.096974970539694,4.951910110287344,399.95941437922784
run_02,410061,0,460.2629588713136,17.895978173999445,33.58266977091027,511.7416068162233
run_02,410088,31.604485318670505,517.7410250826204,38.71934866015372,39.265531016500006,627.3303900779447
run_02,410156,0,193.91720440839202,14.43964264863645,8.730509909967418,217.08735696699588
run_02,410705,0,221.1529148981309,11.046083908859615,102.91681907808338,335.1158178850739
run_02,410730,25.545252327592173,414.2517667602703,45.1700940522222,40.1842327901711,525.1513459302557
run_02,410731,0.006645653864880101,404.1268412511049,13.234597127134004,3.1358293634118186,420.5039133955156
run_02,410734,4.889363951683675,307.61230340948725,17.935508918603084,165.7906139850609,496.2277902648349
run_02,410761,3.639981160737328,304.34834419408236,20.99551681544169,4.299407014710564,333.2832491849719
run_02,412029,0,265.14238872429337,9.667060720105837,1.0583704257281073e-5,274.80946002810344
run_02,412066,0,315.27571729030996,17.744671268547332,2.396468237444881,335.41685679630217
run_02,415237,0,263.55303895214973,10.740931667447857,3.790734286797812e-4,274.2943496930263
run_02,415238,0,294.8783693666232,22.41848756033458,1.8045834596749878e-4,317.2970373853038
run_02,415245,0,328.5963652024327,7.299381363803064,2.4886099100926935,338.38435647632843
run_02,416003,0,182.33767401904157,22.227767607711186,10.360526316953719,214.9259679437065
run_02,422202B,0,174.13591881511215,35.59196367493129,4.3475942133095846e-4,209.72831724946477
run_02,422306A,0,232.35182848607937,69.47232844452134,12.678770497045228,314.5029274276459
run_02,422319B,0,102.43059500977708,16.896695338687564,34.97591124457856,154.3032015930432
run_02,422321B,0,322.22885376417344,77.92743260938433,82.48739192772071,482.64367830127844
run_02,422334A,0,207.67585053714873,34.64582563105107,0.5823894824575467,242.90406565065737
run_02,422338A,0,119.4099648361506,33.080599102279194,1.5441374086391637,154.03470134706896
run_02,422394A,0,302.71884264982833,17.900891794250526,8.948375406391488,329.56810985047036
run_02,A4260533,0,263.24140642749353,7.432640968639229,33.421175730634445,304.0952231267672
run_03,401203,24.042890472448352,369.36328184963054,29.613716907282836,45.745491548192085,468.7653807775538
run_03,401208,0,459.20214837112974,39.445634174759114,250.22505571030308,748.8728382561919
run_03,401210,0,391.76129523549787,91.45749416017101,83.05409723398633,566.2728866296552
run_03,401212,38.42491117661261,314.612548858533,86.56046694074598,78.6721476499596,518.2700746258512
run_03,401216,11.618951901058658,474.9319758308489,91.58026155535094,77.32384012734303,655.4550294146015
run_03,401217,8.556774332482838,456.9627907027124,43.4364189982347,38.95932576072931,547.9153097941593
run_03,401220,0,479.9622938037765,32.36072291160596,18.35182307574017,530.6748397911226
run_03,402204,0,451.36786189359935,24.77574686215561,129.91956181858643,606.0631705743414
run_03,402206,0,497.3812862607407,108.45104587061533,166.6023802944536,772.4347124258096
run_03,403214,0,494.6437243611071,58.636164162093685,348.1783534309202,901.458241954121
run_03,403217,0,504.3860360051112,66.52288266081968,14.386224227210032,585.2951428931409
run_03,403221,0,349.1763044766132,9.793480695396514,16.486171797737484,375.4559569697472
run_03,403226,0,480.2816846667977,53.733479387469686,17.5747060575811,551.5898701118485
run_03,403232,0,500.18374420807214,87.02928469165532,22.858252198918617,610.0712810986461
run_03,404207,0,461.4617621383257,26.764145833201084,40.851589325892526,529.0774972974193
run_03,405205,2.52812727354532,394.88636878049596,59.04023673156318,264.0161393260587,720.4708721116631
run_03,405209,0,455.3887982448094,44.344913232381245,56.65864204646512,556.3923535236557
run_03,405212,0,360.24336554135493,16.746570027617977,149.3723994581565,526.3623350271293
run_03,405214,0,470.6320578662874,26.843945279634255,21.257216196662355,518.7332193425841
run_03,405215,0,360.24221148809335,57.10070362861517,30.81132569213354,448.1542408088421
run_03,405217,0,434.13275208651385,14.332618379016346,24.07330002751873,472.5386704930489
run_03,405219,0,400.1372589330632,54.66921473250867,30.540680046500043,485.34715371207193
run_03,405226,0,253.46578225531323,9.958176599532855,2.885380709522556e-5,263.4239877086532
run_03,405227,0,436.58125868762136,54.77495165154436,34.811371908123704,526.1675822472894
run_03,405228,0,337.9468454096489,9.335783846662103,7.74528883935802,355.027918095669
run_03,405229,0,111.41052786880778,18.827882108461566,135.33238792277146,265.5707979000408
run_03,405230,0,228.8625889508776,7.1975125763380685,17.976466066622294,254.03656759383796
run_03,405231,0,479.97162417628084,17.943036454208013,23.351105877121853,521.2657665076107
run_03,405238,0,348.5335822847157,10.291254154070913,5.061069423018176,363.8859058618048
run_03,405240,0,313.8494211033134,23.35470553205694,9.043244642671889e-4,337.2050309598346
run_03,405241,6.7735151710893104,209.9398090473528,106.80374141080527,75.82132839895114,399.33839402819854
run_03,405245,0,280.45319221576125,11.71367571083627,2.539104052958187e-5,292.1668933176381
run_03,405248,0,251.3779743692488,10.449030134977699,1.5695974846545522e-4,261.8271614639749
run_03,405251,0,461.8448437369394,21.174549931991592,12.02561689472517,495.04501056365615
run_03,405264,11.549701695237124,467.08544425331115,74.9527361475575,37.888158550115264,591.476040646221
run_03,405274,0,262.30983545618443,11.824380085730667,2.4090889098116803,276.5433044517267
run_03,406214,0,418.95461871515454,15.236082844043871,0.3159097798741345,434.50661133907255
run_03,406224,0,269.0873507851507,10.259943256869061,18.5497337855003,297.89702782752005
run_03,406226,0,293.95888773439566,14.918942938658553,8.73673632955685e-4,308.8787043466872
run_03,406235,0,272.5359338860826,13.338605611740856,0.39565090015588056,286.2701903979793
run_03,406250,0,445.44022808443935,12.933856444694896,14.968800811300355,473.34288534043463
run_03,407214,0,421.875455083167,10.677529351945502,4.657516322086923,437.21050075719944
run_03,407253,0,236.89410368077128,8.837603361575047,1.0974567079987448e-4,245.73181678801714
run_03,408202,0,328.9052928540947,19.763247471288583,1.5270939806564168,350.19563430603966
run_03,408206,0,342.84203576153556,11.830484387225411,8.215052040570814e-5,354.6726022992814
run_03,410033,13.265237194270796,402.31057887583444,10.472211967497095,9.96114882767565,436.009176865278
run_03,410047,0,395.04274854179494,7.428075803914329,5.89577465229314,408.3665989980024
run_03,410061,0,461.3560040381815,18.17160585571998,37.049804959730515,516.5774148536319
run_03,410088,31.782681066184253,514.6653384724435,47.63808489552261,32.50136396708079,626.5874684012313
run_03,410156,0,200.01017078337026,10.539299674635316,47.024856965997444,257.574327424003
run_03,410705,0.06756938626508004,191.55476117539018,41.558226343534415,141.74201194464075,374.92256884983044
run_03,410730,40.24800436129448,456.4868153403105,52.15078295826227,31.683957302434617,580.5695599623018
run_03,410731,5.949999707531807,378.9627326112285,13.470503688330343,3.7703223772422674,402.1535583843329
run_03,410734,0.7334580918402325,299.9221071597305,32.1234194568846,20.42914740339086,353.2081321118462
run_03,410761,2.6555234875879936,275.84780226711706,11.925912632135965,12.070692655453088,302.4999310422941
run_03,412029,0,262.4113343425551,10.414239727847516,2.656709690375368e-4,272.8258397413717
run_03,412066,0,315.3966523020065,9.284360734511584,4.017117371555812,328.6981304080739
run_03,415237,0,263.41213403321893,10.785474937251731,2.975418014502341e-4,274.1979065122721
run_03,415238,0,295.50874728532904,21.950863390832687,9.959172424581371e-5,317.45971026788595
run_03,415245,0,328.6221015352333,7.300525438630244,2.4753420669232256,338.3979690407868
run_03,416003,0,169.04356211106835,18.6354719391354,10.06138849352917,197.74042254373293
run_03,422202B,0,172.24757871735386,38.128664930203755,10.8443586096803,221.2206022572379
run_03,422306A,0,222.28633439762248,57.95564464477033,7.839378840953759,288.0813578833466
run_03,422319B,0,111.74954474275584,18.176414299901282,10.79084354633218,140.7168025889893
run_03,422321B,0,322.95878688635395,78.15412218300573,81.54264023408295,482.6555493034426
run_03,422334A,0,212.55558884311628,23.806841081985205,0.12654272291668586,236.48897264801818
run_03,422338A,0,125.43780258447065,13.295652948099544,0.4709567874764886,139.20441232004669
run_03,422394A,0,286.4760721953912,14.757802484314382,7.300290566228956,308.53416524593456
run_03,A4260533,0,269.7499333599273,7.519706304492253,8.183738809690137e-5,277.2697215018077
run_04,401203,10.887874978964527,354.4167661787968,32.573815276595944,47.47258472846132,445.3510411628186
run_04,401208,0,454.09468778819434,29.80897678128821,234.72953577188483,718.6332003413673
run_04,401210,0,386.4188630018573,103.66907668880759,79.79922749802027,569.8871671886851
run_04,401212,29.1092830967149,313.8883139476429,89.06502682178908,65.78346372335653,497.8460875895034
run_04,401216,18.524837377789975,481.7327251922198,82.00126261286657,68.06762640898714,650.3264515918635
run_04,401217,16.084254343658507,468.6036459537421,42.12562311751877,40.73663814750163,567.550161562421
run_04,401220,0,480.70789276617984,30.229342169046674,17.13467650930816,528.0719114445346
run_04,402204,0,453.22775929104387,27.303128105345955,148.415835193104,628.9467225894938
run_04,402206,0,496.8204737674656,91.9985039744393,159.35731651557197,748.1762942574769
run_04,403214,0,489.84287521813496,65.39200157619686,452.3978691664792,1007.632745960811
run_04,403217,0,503.63391289178367,66.33390166680097,16.30896267519766,586.2767772337824
run_04,403221,0,369.58742390441375,19.2189592784114,13.62951956399323,402.4359027468184
run_04,403226,0,483.3984684239055,66.99431464530754,22.095990115832944,572.48877318504594
run_04,403232,0,500.68200380702825,77.37971029655864,25.16683332125301,603.2285474248398
run_04,404207,0,466.5809912186405,25.287206761201446,40.863257378533056,532.731455358375
run_04,405205,1.2322875052578564,402.6304335056287,53.88277401675454,260.05783289649,717.803327924131
run_04,405209,0,455.99612725902387,44.41236898480416,56.60596211790349,557.0144583617315
run_04,405212,0,411.09206520419184,15.669028355850322,1.4224724948709463e-4,426.76123580729165
run_04,405214,0,466.5379980112231,40.118900545061095,18.745434266874582,525.4023328231588
run_04,405215,3.089400495076334,359.0320037669651,57.56734780048936,30.80744731292714,450.49619937545793
run_04,405217,0,434.1687998827076,18.316918496747853,24.928529021090608,477.41424740054606
run_04,405219,0,404.0613487518563,53.288411030633654,30.734948462842482,488.0847082453324
run_04,405226,0,249.0282052691481,22.32288993710612,7.339447701917891e-5,271.3511686007312
run_04,405227,0,437.94268503820064,54.070685880816214,34.79248086529569,526.8058517843125
run_04,405228,0,352.27146274087397,12.172410468931965,8.394854374555631,372.83872758436155
run_04,405229,0,122.74634336422373,8.650924753675714,135.54443636107456,266.941704478974
run_04,405230,0,225.83045676478383,10.478794065514059,6.613559458711583e-5,236.30931696589246
run_04,405231,0,495.294957390357,19.49100205318358,29.76775671416827,544.5537161577089
run_04,405238,0,357.74424582446665,26.53443940466411,5.918780030631169,390.19746525976194
run_04,405240,0,284.83023165430626,22.478849916025766,145.36002447235978,452.6691060426918
run_04,405241,2.7921564754345485,209.57796619910545,76.0062015635555,100.13909795746876,388.51542219556427
run_04,405245,0,240.35037269277086,22.427018237810046,165.7385110514999,428.5159019820808
run_04,405248,0,230.10435050026067,11.420216112919153,65.19525804623305,306.7198246594129
run_04,405251,0,447.7132631911917,25.333291458462462,270.9860205093475,744.0325751590017
run_04,405264,4.947186504231067,472.2094989137881,74.48136281271074,37.53765322240324,589.1757014531331
run_04,405274,0,278.8096186610536,33.0307690068973,2.784091930714718,314.62447959866563
run_04,406214,0,411.15671651191576,15.473982975670111,44.514340434103666,471.1450399216895
run_04,406224,0,244.36304707350317,10.321152108266702,0.3647545268000729,255.04895370856997
run_04,406226,0,292.8770212978078,12.338514498171756,1.5660285431705412,306.7815643391501
run_04,406235,0,260.72000129534564,19.911168594328142,1.4633491261346911,282.0945190158085
run_04,406250,0,444.41574794412134,16.614104087348814,16.045587918318603,477.0754399497888
run_04,407214,0,428.0408413325976,15.909304882647962,1.8166905304631724,445.76683674570876
run_04,407253,0,240.69748956633387,7.0547555716413965,1.2092971819075897e-4,247.75236606769346
run_04,408202,0,324.38267963939893,26.21761723834159,107.18376446943826,457.78406134717875
run_04,408206,0,325.5466123393441,20.495263868824864,86.98081176650267,433.0226879746716
run_04,410033,3.3163236955079642,414.91835416662383,10.455668808352085,9.609004744112653,438.2993514145965
run_04,410047,0,389.9485873676236,15.023634518552337,5.6969878968850685,410.669209783061
run_04,410061,0,454.68859065806566,18.527627643683218,41.59712784527233,514.8133461470212
run_04,410088,31.472642840730874,525.4159016480737,47.518433332003724,54.07680608965734,658.4837839104656
run_04,410156,0,197.34081851297574,10.515432280889954,14.659026251068314,222.515277044934
run_04,410705,0,223.013816148133,10.89880938390985,4.9638674179161446e-5,233.91267517071702
run_04,410730,12.58924217772335,424.0759443951062,45.81486308643752,35.98403942172753,518.4640890809947
run_04,410731,7.6911097542294025,384.5482763135708,12.742365167001529,4.191646467817529,409.17339770261924
run_04,410734,1.3631172147179897,298.48765596327263,31.636751610463484,19.56425738922563,351.05178217767974
run_04,410761,2.5255971256202048,278.29697952883555,9.993405424908829,9.607361171839655,300.42334325120424
run_04,412029,0,253.81673300581343,19.550255522298144,57.64657338880589,331.01356191691747
run_04,412066,0,316.9623719411466,10.427569678968865,37.69701200908819,365.08695362920366
run_04,415237,0,255.93802692689883,11.489674470596137,38.731478764134586,306.15918016162954
run_04,415238,0,295.8645805820501,21.916915298857347,1.3995443444204632,319.18104022532793
run_04,415245,0,328.58299368373685,7.301361272668242,2.4762946095210046,338.3606495659261
run_04,416003,0,202.0581387668168,31.445475107867708,5.474512318394241,238.97812619307874
run_04,422202B,0,171.69382329782013,38.09965262645209,9.834699534746532e-4,209.7944593942257
run_04,422306A,0,254.6144912184493,57.21554538627785,82.73745886015327,394.56749546488044
run_04,422319B,0,115.00596995444963,38.33510363141592,20.1869037032723,173.52797728913785
run_04,422321B,0,310.6620585333038,84.04628235735282,79.15104083448985,473.8593817251465
run_04,422334A,0,189.04735677090187,40.24633817124947,15.999921252153905,245.29361619430526
run_04,422338A,0,126.6338307995997,13.579650666863692,0.09690461241335524,140.31038607887677
run_04,422394A,0,285.7072283821515,24.467113274328824,13.386810800705108,323.56115245718547
run_04,A4260533,0,269.76767857272245,7.520988822887627,8.113266099503194e-5,277.28874852827107
run_05,401203,17.8490773396041,366.3151281717477,31.499845112265618,48.567022423441706,464.2310730470591
run_05,401208,0,448.71614428145364,31.403088472295366,230.19788133270282,710.3171140864517
run_05,401210,0,403.2754694231383,88.81404629519542,82.78671220871031,574.876227927044
run_05,401212,43.29673516657573,322.857775830761,86.26287634109593,77.0872561371878,529.5046434756205
run_05,401216,11.627668392468951,463.2356014009639,95.20036660311663,79.25708372058995,649.3207201171394
run_05,401217,0,458.7175005908019,40.400298238438324,41.9515076150197,541.06930644426
run_05,401220,0,480.6650845889025,32.602317731855486,18.395351011032233,531.6627533317903
run_05,402204,0,464.59674699951125,28.844469066034918,24.983598297202054,518.4248143627483
run_05,402206,0,500.2235685617685,97.56098315781922,166.80269870373445,764.5872504233222
run_05,403214,0,490.1221500676493,62.766778937334585,450.808932123861,1003.6978611288448
run_05,403217,0,505.2573497355969,67.0002445244052,12.756860828323187,585.0144550883252
run_05,403221,0,361.33698526953725,8.987591535659078,15.642257875547129,385.96683468074343
run_05,403226,0,486.8921247452681,40.54458191134964,23.36953887815645,550.8062455347742
run_05,403232,0,499.3818700089998,94.31075746289491,16.469835055633485,610.1624625275281
run_05,404207,0,472.0671539759247,21.7728436900139,5.960074781995242,499.80007244793387
run_05,405205,0,392.8732708674823,59.58376691582524,265.4116422927475,717.86868007605506
run_05,405209,0,449.2345232405055,39.8627843212754,56.34764185397159,545.4449494157525
run_05,405212,0,411.1020203129135,15.668956361469284,7.154291427285007e-5,426.77104821729705
run_05,405214,0,473.47678594876777,31.028732708118085,14.118914822065822,518.6244334789517
run_05,405215,1.5634252192959666,357.8833585350407,58.16093338071806,31.092881402196028,448.7005985372508
run_05,405217,0,444.7072875993823,12.655941202324698,23.348982326126297,480.7122111278333
run_05,405219,0,402.7635179645902,53.2220314211399,30.722491270943916,486.70804065667403
run_05,405226,0,243.61828251098805,15.922246091405185,0.8936524057937745,260.434181008187
run_05,405227,0,436.6125136316093,55.63863080794384,34.31910121146898,526.5702456510221
run_05,405228,0,328.1793006315214,9.107513785080645,8.935898793981323,346.2227132105834
run_05,405229,0,206.38954582831144,13.105214091774158,0.16711042610833438,219.66187034619392
run_05,405230,0,225.74838909792268,10.476178986750108,6.545541425467092e-5,236.22463354008704
run_05,405231,0,486.95269975224556,20.910218460308023,26.33008001000215,534.1929982225557
run_05,405238,0,377.6334768969971,20.216733537967457,6.377614206327472,404.227824641292
run_05,405240,0,323.3407581235657,7.915310287697508,5.280309696220009,336.5363781074832
run_05,405241,7.566636961065307,153.92583529299364,127.76611147252113,79.34746559146205,368.6060493180421
run_05,405245,0,308.6878469761462,26.254627311280075,3.411368915210154,338.3538432026365
run_05,405248,0,230.4576690202555,11.420503433604958,65.33777084772412,307.21594330158456
run_05,405251,0,446.8801733199571,33.387460912522634,256.5223501119464,736.7899843444261
run_05,405264,0,470.73970329997445,73.68027745170913,37.6455807195954,582.065561471279
run_05,405274,0,243.71161900337648,9.933294395729696,0.9001659118420852,254.54507931094827
run_05,406214,0,430.52368881164443,10.241998785517055,4.0444781562140886e-10,440.76568759756594
run_05,406224,0,255.25238761257162,11.791075559541072,48.73525513322868,315.7787183053414
run_05,406226,0,292.4355235671832,14.797315802828916,1.2964340706792945,308.52927344069144
run_05,406235,0,246.93113190428514,12.291048902865525,7.463034588497082e-5,259.22225543749653
run_05,406250,0,451.2152322063808,15.801229155813715,16.670915636122015,483.6873769983165
run_05,407214,0,420.4474511829524,9.572992210462267,2.7142251231398067,432.73466851655445
run_05,407253,0,236.89581304160816,8.837630617031694,1.1582921918513699e-4,245.73355948785905
run_05,408202,0,327.1486705370033,19.90877866545459,2.292861621667165,349.350310824125
run_05,408206,0,345.9017134848941,20.766345486853588,1.080956295328272e-4,366.6681670673772
run_05,410033,7.416275737915228,399.65661720038406,10.577546497836833,10.066733987981824,427.7171734241179
run_05,410047,0,378.844602920224,9.728113726471246,8.388374376735728,396.961091023431
run_05,410061,0,469.7377451199834,17.872986629339913,16.7127482642203,504.3234800135436
run_05,410088,31.782908140389104,490.0226008323286,34.23230602629087,35.442425086998256,591.4802400860068
run_05,410156,0,201.88817112434265,10.876366641837265,18.284041325265928,231.04857909144582
run_05,410705,0,230.99039424583748,10.784705042218611,3.913390277768077e-6,241.77510320144637
run_05,410730,25.584534391316744,425.9499462025063,45.091864008288546,43.83671540248803,540.4630600045996
run_05,410731,1.721387822137712,379.8759399155194,13.557329476163066,4.852399487570716,400.0070567013909
run_05,410734,0.6053697019292492,320.0469942827548,16.435700527039458,3.614950444895956,340.7030149566194
run_05,410761,2.559529069424215,284.69833346918864,9.136284359418752,5.80655862246388,302.2007055204955
run_05,412029,0,262.2605295929497,8.150147790571634,3.035614580716609,273.4462919642379
run_05,412066,0,318.1717696172062,8.527405570562884,2.019147284310533,328.71832247207965
run_05,415237,0,263.09447158746013,8.274419755872335,1.8989898058766917e-4,271.36908124231303
run_05,415238,0,280.6564051135,23.74502508002511,76.51052233333138,380.9119525268565
run_05,415245,0,328.35850165726777,7.348907012706547,2.630978772787368,338.3383874427617
run_05,416003,0,170.77505113094114,21.977251692512752,37.501733579787796,230.25403640324168
run_05,422202B,0,171.04888648352355,38.24918064200787,13.012250398920367,222.3103175244518
run_05,422306A,0,240.165638251873,53.02721142712477,34.218054346695105,327.41090402569284
run_05,422319B,0,123.55637364769295,16.773753484040952,12.83811778816252,153.1682449198964
run_05,422321B,0,321.1909336492396,77.70523457104191,82.49134124193043,481.38750946221194
run_05,422334A,0,204.00455354747132,40.74784170183313,34.861910582288594,279.614305831593
run_05,422338A,0,121.93721561364956,28.72274853295,2.430353940347987,153.09031808694755
run_05,422394A,0,289.8054656589236,13.4506205468807,9.435446665418457,312.69153287122276
run_05,A4260533,0,269.74711309630436,7.519889951165327,1.2931362746152432e-4,277.26713236109714
run_06,401203,5.877870340202702,356.38757905666137,27.64882064741826,53.18605074151318,443.1003207857955
run_06,401208,0,463.9336093672432,30.717587866816167,249.0428045363296,743.694001770389
run_06,401210,19.3593259778078,416.57124385129686,88.90883817617232,81.08712081450486,605.9265288197819
run_06,401212,33.885681292672125,340.93220110881765,90.61802386544352,49.6576752137675,515.0935814807008
run_06,401216,89.47983701250185,398.5162428926781,137.41176114374355,31.623035072353858,657.0308761212774
run_06,401217,0,456.6571634403236,43.435811312669216,39.060012526217065,539.1529872792098
run_06,401220,0,480.6061845672954,32.24027052806635,18.528660856425358,531.3751159517872
run_06,402204,0,463.9962524089012,21.442523947310903,27.99254598210274,513.4313223383149
run_06,402206,0,498.1829706799801,110.98854062703123,155.72017234343318,764.8916836504445
run_06,403214,0,495.39998579056453,61.900205871339644,453.927459306131,1011.2276509680352
run_06,403217,0,500.1288071285575,68.57351573224346,12.711065857407544,581.4133887182086
run_06,403221,0,362.65287086841795,8.467611715668987,14.805075903092398,385.92555848717933
run_06,403226,0,494.3647967522998,43.8199682868586,21.095522732476823,559.2802877716352
run_06,403232,0,500.6813286221469,87.80454110410159,25.90119520366994,614.3870649299183
run_06,404207,0,477.31898901969896,24.051916915670077,10.275454219076451,511.64636015444546
run_06,405205,4.9192471394861315,396.11695378245884,65.35242408849493,266.50420192947075,732.8928269399107
run_06,405209,0,456.14694279087485,44.45281677072521,56.59812247973433,557.1978820413344
run_06,405212,0,411.1158838658284,15.661971889565395,8.641264906721261e-5,426.77794216804284
run_06,405214,0,472.2944380560753,30.99562451384456,14.525638993053894,517.8157015629738
run_06,405215,0,359.7579332126897,57.520782924017624,30.963547863497926,448.24226400020524
run_06,405217,0,434.1181581615218,18.31349482697412,24.918646944351163,477.3502999328471
run_06,405219,7.807294713591522,404.4371593085488,53.27968002706332,30.644238538546762,496.1683725877504
run_06,405226,0,250.90058442366723,9.517125760542811,1.147141004277805e-4,260.41782489831047
run_06,405227,0,438.4333766087512,56.283141351494734,34.58424266690217,529.3007606271481
run_06,405228,0,316.07245098463767,11.953598382813539,9.066483011129813,337.09253237858104
run_06,405229,0,115.06741009080285,13.657838878112315,151.03095560667393,279.7562045755891
run_06,405230,0,188.9809591357746,7.320930610914527,82.33049392637831,278.63238367306747
run_06,405231,0,488.09010275409184,20.844762016659153,22.806668322612154,531.7415330933632
run_06,405238,0,356.862402115726,16.435698053210285,6.991556586144703,380.289656755081
run_06,405240,0,315.85500881554276,22.806860762793413,0.0015561362794538243,338.66342571461564
run_06,405241,12.84637393378859,48.249879872314786,129.859305633734,134.08999266573514,325.0455521055725
run_06,405245,0,261.19893796346406,32.77913222864741,24.536317429893053,318.51438762200456
run_06,405248,0,251.3761842323157,10.447345583650883,1.3527864881954335e-4,261.8236650946154
run_06,405251,0,466.84661973126947,28.054963509781047,1.6236841098832243e-7,494.9015834034189
run_06,405264,0,470.2426497384115,73.8076638772402,38.034958706814756,582.0852723224665
run_06,405274,0,225.15747036701782,12.497752066863129,8.449503050648292e-8,237.655222518376
run_06,406214,0,420.7093715795272,15.283493904583793,1.4040380289882142e-4,435.9930058879139
run_06,406224,0,249.43633835523758,7.685091621008297,2.543462814969391e-7,257.1214302305921
run_06,406226,0,294.0411715605695,12.165237568190529,2.025978524926531,308.2323876536866
run_06,406235,0,239.40408055041968,19.692868007619037,107.68365111485697,366.7805996728957
run_06,406250,0,446.24593819667456,12.889083133008135,15.019453706162386,474.15447503584505
run_06,407214,0,428.9206740783331,26.464127809688858,2.2365114362230973,457.6213133242451
run_06,407253,0,216.65024200686693,7.309746248096449,51.640450859022245,275.6004391139856
run_06,408202,0,302.9911643272401,10.308418300371827,62.17254023854096,375.47212286615286
run_06,408206,0,346.34569838905736,20.75522647361907,0.03507749719979653,367.1360023598762
run_06,410033,12.411581806029018,404.3481037753839,10.354609651482189,9.033230392416812,436.1475256253119
run_06,410047,0,396.7919309697407,9.289188385275315,6.122725191569125,412.2038445465852
run_06,410061,0,438.8965511952464,23.94246637278495,149.53794234779258,612.3769599158239
run_06,410088,31.45316473473631,517.973772188347,41.968186915081986,43.172134358025616,634.5672581961909
run_06,410156,0,199.95841747093442,10.600349599220692,3.188102909679639,213.74686997983474
run_06,410705,0,221.76101341029306,11.550603515810032,1.3845563474437779,234.69617327354686
run_06,410730,25.822715196733906,431.03029074227663,44.99488789945518,40.87643242301353,542.7243262614793
run_06,410731,0.005099847017883742,386.1153102135224,8.396695937180219,2.9987050361247674,397.51581103384524
run_06,410734,0.5094152700462273,287.98520631470944,45.443340664744426,24.312317724579597,358.2502799740797
run_06,410761,0,321.0139373762594,20.429319461316105,3.377093931307028,344.82035076888246
run_06,412029,0,235.8139081542688,10.241632395804398,57.01811106867925,303.0736516187525
run_06,412066,0,311.67583305633224,18.075470554311572,3.118954001353978,332.8702576119978
run_06,415237,0,259.05499389587936,9.090140233020254,2.0097978557611092e-6,268.14513613869747
run_06,415238,0,293.0750507904073,16.69267627583909,0.027074311763565232,309.79480137800994
run_06,415245,0,325.46389701533286,7.723659057831334,3.429318923650942,336.61687499681517
run_06,416003,0,178.85155234647465,16.66866308834598,4.474487225301568,199.9947026601222
run_06,422202B,0,173.4856698870099,33.21379805261067,1.634261566519528e-4,206.6996313657772
run_06,422306A,0,231.56681160917083,66.37963586355261,4.345881060012535,302.29232853273595
run_06,422319B,0,108.3283138191869,21.859062925466816,51.28069543859925,181.46807218325296
run_06,422321B,0,321.6508698949331,77.88996496266361,82.77361763726357,482.3144524948603
run_06,422334A,0,192.88654045321226,29.33315900491855,80.02194234794644,302.24164180607727
run_06,422338A,0,115.83663803754425,32.98189879152615,7.114642618666871,155.93317944773727
run_06,422394A,0,297.81494871312856,13.414299748120612,5.249009948393708,316.47825840964293
run_06,A4260533,0,269.74970232595615,7.520211493985916,6.625129877719431e-5,277.26998007124087
run_07,401203,10.887872323993646,380.63034259342976,31.909257711303695,43.02182802468557,466.44930065341265
run_07,401208,0,466.2611875996352,39.643359428121435,257.32529352815715,763.2298405559138
run_07,401210,7.261803899049461,401.11531959399036,103.21576130980792,77.27372078958105,588.8666055924289
run_07,401212,4.815548242995575,315.76844367482823,87.7277270598851,71.31401932837913,479.625738306088
run_07,401216,92.51826270837736,402.60376137118766,104.51958178744465,88.49553479796671,688.1371406649763
run_07,401217,10.84724665235625,460.4382901373369,40.426432738378594,41.85044443543964,553.5624139635114
run_07,401220,0,480.6880307974138,34.21764921599419,24.600381107768385,539.5060611211763
run_07,402204,0,464.4058275108567,25.87768488049233,21.82154903485543,512.1050614262044
run_07,402206,0,504.4061330952728,83.03648759937765,63.379070482947796,650.8216911775983
run_07,403214,0,490.9407582839113,65.38130831268226,456.390917128391,1012.7129837249845
run_07,403217,0,503.6367852413617,65.96224875243153,16.001986160820227,585.6010201546135
run_07,403221,0,363.1794349819139,8.414546920672326,14.285207399517931,385.8791893021042
run_07,403226,0,487.185042719004,36.75105315826018,23.481394463317425,547.4174903405816
run_07,403232,0,498.12627834306977,98.18724899182942,16.908947609976,613.2224749448752
run_07,404207,0,460.2737875291706,22.92167274267895,6.468385205292858,489.6638454771424
run_07,405205,0,390.83235203651805,58.722667553886765,264.4170935659542,713.972113156359
run_07,405209,0,456.1400445920586,44.43941337832056,56.55355661341465,557.1330145837939
run_07,405212,0,442.7387441587291,10.387266568859348,0.005409771879864399,453.1314204994683
run_07,405214,0,454.29107311059926,16.39735750524433,22.702791066759755,493.3912216826033
run_07,405215,0,359.2841096303826,58.28451474701574,30.809923218636257,448.3785475960346
run_07,405217,0,432.40980146967496,18.400072134176728,25.155767514306863,475.9656411181586
run_07,405219,0,397.6836727436505,55.28301345399096,30.359904728952394,483.3265909265939
run_07,405226,0,249.40446771254238,22.206268441977954,8.823955432662146e-5,271.61082439407465
run_07,405227,4.595752966616948,445.61399949853956,61.05525224259938,29.5538290450699,540.8188337528258
run_07,405228,0,328.2726837977677,9.104328018185171,9.68048524048287,347.05749705643575
run_07,405229,0,208.66562232581225,13.78882573330399,9.995818432591482e-5,222.45454801730057
run_07,405230,0,225.856864116883,10.481857856885181,6.915652787112107e-5,236.33879113029604
run_07,405231,0,489.9411243493484,18.04238519051986,25.842364971501986,533.8258745113702
run_07,405238,0,357.2182993222629,11.364064941619802,9.504519931877075e-5,368.582459309082
run_07,405240,0,299.08294751159974,14.079554821287147,130.01159571237514,443.17409804526204
run_07,405241,35.7206873944844,125.55651609471718,108.9455438378144,94.52198206341401,364.74472939043005
run_07,405245,0,306.3802035363256,18.32852591486482,0.9485625860132023,325.65729203720366
run_07,405248,0,251.94954501669264,10.44178763073472,1.6633839910103687e-4,262.39149898582644
run_07,405251,0,485.32669671220873,27.483265094925642,285.0768664831568,797.8868282902912
run_07,405264,7.963314494712014,469.435083852694,73.56199245514013,37.73797350468373,588.6983643072299
run_07,405274,0,279.6205157079195,33.074215103442356,2.4808985623463666,315.1756293737082
run_07,406214,0,399.4017035477467,8.469962940519139,0.12240610232649085,407.99407259059234
run_07,406224,0,228.73771814196107,8.806841978579245,65.86638377253306,303.4109438930734
run_07,406226,0,294.76036491368666,12.193732540423813,1.6059170467416957,308.56001450085216
run_07,406235,0,276.13040972454604,11.694346578032775,1.2636959631258848e-4,287.82488267217514
run_07,406250,0,444.51425853518225,32.46254081688454,15.618218888078951,492.59501824014575
run_07,407214,0,326.230538422078,17.742651561416977,75.15055180437523,419.12374178787024
run_07,407253,0,236.85961232544972,8.836073915167404,2.8537048925052907e-5,245.69571477766607
run_07,408202,0,313.91316285070917,22.444797652759448,74.46142520151332,410.819385704982
run_07,408206,0,345.9066923160194,20.765293069720684,2.5700235205579e-4,366.6722423880921
run_07,410033,8.92310539804988,404.7975069803946,10.514324752804047,9.257096203489391,433.49203333473787
run_07,410047,0,384.2543518732093,12.213014964152906,6.391108268736791,402.85847510609904
run_07,410061,0,464.8827467621024,22.905569490369437,136.21282069314202,624.0011369456138
run_07,410088,17.378254942486656,523.3565914552627,38.56806682382607,46.47247376945558,625.775386991031
run_07,410156,0,200.3564400949448,17.080752846528,23.271367139382782,240.7085600808556
run_07,410705,0,208.4950480638117,17.545018617196945,1.1167214641450088e-4,226.04017835315506
run_07,410730,25.584635470543432,423.7659580226176,45.207771600687494,39.50162448992228,534.0599895837709
run_07,410731,1.828747567443358,384.6608774145168,7.610615344456075,4.095938538670555,398.1961788650868
run_07,410734,0,311.6388759991701,18.03662818486515,149.47091058919986,479.14641477323516
run_07,410761,1.3458680277843713,266.2361673118635,14.808523072762618,27.884893046452593,310.2754514588631
run_07,412029,0,269.0027026628382,13.744778586406348,0.0052788479867425095,282.7527600972313
run_07,412066,0,313.92569979468453,17.71475093298321,2.385612698937431,334.0260634266052
run_07,415237,0,263.32554115194324,10.760168585887016,2.4034930987826205e-4,274.08595008714013
run_07,415238,0,297.5824638063474,22.387325704173975,0.5600173348092239,320.5298068453306
run_07,415245,0,328.5779399420967,7.302436753182261,2.4763384560304473,338.35671515130934
run_07,416003,0,226.5766672419572,14.236267940539307,14.823425977085787,255.6363611595823
run_07,422202B,0,172.63843467539053,38.19014929297916,6.72858372209606e-5,210.8286512542069
run_07,422306A,0,247.06680696846342,54.99351219448795,3.385334768086001,305.4456539310374
run_07,422319B,0,99.81525483226415,17.620705817694187,5.229895616674314,122.66585626663264
run_07,422321B,0,325.2253457108622,71.5754255690315,79.0124702422339,475.8132415221276
run_07,422334A,0,202.33247597648017,32.269814520378475,2.8268283503956044,237.42911884725424
run_07,422338A,0,133.7130405810269,26.824549015958866,0.2744378374879562,160.81202743447372
run_07,422394A,0,293.223247241679,13.645939290306742,8.796292573994432,315.6654791059802
run_07,A4260533,0,269.76904487977606,7.519887182676269,1.9974960089869713e-4,277.2891318120532
run_08,401203,18.58558106312186,365.958374195797,31.656168528544775,48.89705475705374,465.09717854451736
run_08,401208,0,464.31725503533477,29.784845470925625,251.4896711413202,745.5917716475806
run_08,401210,0,403.5032985946025,88.3795561944326,81.8805814704716,573.7634362595066
run_08,401212,30.13962830550622,309.6303250690232,83.11574994255534,72.70123685367561,495.58694017076033
run_08,401216,89.56252172945345,325.94268767929066,98.90059032290237,71.58567140867184,585.9914711403184
run_08,401217,19.39583608294903,474.4272267872523,41.0490582625166,41.11799609455375,575.9901172272716
run_08,401220,0,481.4849484939515,35.448362755774,23.201220782534218,540.1345320322597
run_08,402204,0,479.78676266337334,34.3403985790974,120.09948934460118,634.2266505870718
run_08,402206,0,512.8274014347018,99.91370746600761,169.2014447805743,781.9425536812837
run_08,403214,0,491.3827753742279,64.20777489407875,521.7269162955677,1077.3174665638744
run_08,403217,0,499.8274714041171,64.4766002581932,13.633868550024506,577.9379402123349
run_08,403221,0,369.1334473654453,19.288319879207457,13.669106087141122,402.0908733317939
run_08,403226,0,487.53847650731984,32.102764861133124,22.985291809317197,542.6265331777702
run_08,403232,0,502.28124357461724,103.46640621491977,2.8724309905428123,608.6200807800799
run_08,404207,0,481.40010059469444,23.217447938344932,5.503252360359878,510.12080089339923
run_08,405205,3.100913787789698,395.2899464368974,57.41096321268613,264.8523920396978,720.654215477071
run_08,405209,0,452.5324174671261,42.31127882702466,56.483640826816966,551.3273371209677
run_08,405212,0,378.2427685013147,16.800843034733038,116.4395195609022,511.48313109694993
run_08,405214,0,473.0471022223072,31.175474087697253,14.245805819782142,518.4683821297866
run_08,405215,0,359.19455889675686,57.072092428151215,30.947083762809953,447.213735087718
run_08,405217,0,434.91790057618323,18.504948721606596,24.342104491876906,477.7649537896667
run_08,405219,0,399.9598471975756,55.14659628556745,30.522934544982903,485.6293780281259
run_08,405226,0,248.9881445424342,22.324581674864596,6.175456860841937e-5,271.3127879718674
run_08,405227,0,437.0838991377977,56.29989284541678,34.54407948626887,527.9278714694833
run_08,405228,0,327.62322980359477,9.096029671848399,8.091017390625344,344.8102768660685
run_08,405229,0,121.08013135841563,12.184159964842046,134.38532266855896,267.64961399181664
run_08,405230,0,243.86600182801052,6.973301058305097,9.044987693078896e-5,250.83939333619256
run_08,405231,0,486.1536974298591,19.104377403269297,24.17934773607526,529.4374225692036
run_08,405238,0,361.1328604416003,18.028558450737034,4.616090492422752e-4,379.1618805013866
run_08,405240,0,314.29773578560264,23.336940193165347,0.07803788757382604,337.7127138663418
run_08,405241,39.30998600156132,155.17580345417366,147.1137293123663,95.60250761128297,437.2020263793843
run_08,405245,0,258.03682350765536,21.455269170370222,0.0106719077339416,279.5027645857595
run_08,405248,0,251.37637728990865,10.44828191056602,1.3582162233437945e-4,261.824795022097
run_08,405251,0,466.4518820242754,26.266449107041158,305.20744773373775,797.9257788650543
run_08,405264,4.938227014991775,470.5326097329804,74.44019234126208,37.69396814754729,587.6049972367815
run_08,405274,0,277.28549775063243,17.054851613835517,0.9362830395891664,295.2766324040571
run_08,406214,0,420.9623655635652,15.315165601390248,7.769697579931248e-5,436.27760886193124
run_08,406224,0,256.504926581757,10.491477640780017,9.689907182531015e-5,266.99650112160884
run_08,406226,0,293.6480150297327,14.515576534023413,1.5634612689914955,309.7270528327476
run_08,406235,0,259.9453992801895,18.442545021244634,5.489601110068331,283.8775454115025
run_08,406250,0,444.94262491465895,13.130242237307947,16.602309088166834,474.67517624013374
run_08,407214,0,409.65603787244896,27.835357141598287,60.774147159356595,498.26554217340384
run_08,407253,0,236.87311147341958,8.837685010230832,1.8179847063657954e-4,245.71097828212106
run_08,408202,0,328.64351605158095,19.755671009499586,0.9939679831125733,349.39315504419307
run_08,408206,0,346.5478286910619,20.046396779351788,2.103189207241128e-4,366.5944357893344
run_08,410033,8.923250738407539,401.2211191785086,10.558024047956405,8.72235668566032,429.42475065053287
run_08,410047,0,390.35113336033754,15.012871089027644,5.632936412459433,410.99694086182467
run_08,410061,0,450.99365586735576,22.711735949144973,136.80099300772125,610.506384824222
run_08,410088,31.786644047071107,508.8225888562963,35.370140883248176,33.06119861767949,609.0405724042951
run_08,410156,0,200.5219723947656,10.904602641350188,9.867352483875932,221.2939275199917
run_08,410705,0,221.009449974348,17.746089076649582,24.39019055511248,263.1457296061101
run_08,410730,36.116490305593565,449.3656450706704,47.97096081007722,39.25047675708125,572.7035729434225
run_08,410731,0.0055573937027569974,385.4667063055367,13.218381807051053,4.0016244132141985,402.6922699195047
run_08,410734,0.5848644327128821,303.12974545418183,28.965091604571242,19.164564292706935,351.8442657841729
run_08,410761,1.3698656568695695,304.99520549150844,20.921513102566337,4.218522351528488,331.50510660247284
run_08,412029,0,256.0671499711484,19.317478975321528,1.2541187768807708e-4,275.3847543583476
run_08,412066,0,307.9305838155392,19.31684924902154,39.41976189302172,366.6671949575824
run_08,415237,0,263.3958256673344,10.799109217545649,8.982441540336398e-5,274.19502470929547
run_08,415238,0,288.7741373119988,22.437525667846636,0.003241518609660713,311.2149044984551
run_08,415245,0,328.72360383749736,7.30354054456785,2.4725318649802728,338.4996762470455
run_08,416003,0,194.19036397975154,28.51347693998207,0.06668530723052972,222.77052622696414
run_08,422202B,0,170.3579139083944,38.100837069980145,5.873429794453983e-5,208.4588097126725
run_08,422306A,0,231.1972570832256,64.90436635367965,0.9239553426079933,297.02557877951324
run_08,422319B,0,100.7120040104681,20.367812432849078,3.1111428826672696,124.19095932598445
run_08,422321B,0,328.80762877322866,79.07205484399145,78.15047886919832,486.0301624864184
run_08,422334A,0,199.3641718883839,33.65187398202181,56.16785869960333,289.1839045700091
run_08,422338A,0,115.83736932479474,33.72810462736828,6.698475271582248,156.26394922374527
run_08,422394A,0,297.6989041537061,13.39093043724165,5.21449912857822,316.30433371952597
run_08,A4260533,0,269.7636596102804,7.51942960955241,1.8603698860312676e-4,277.2832752568214
run_09,401203,10.88790840344605,386.68150015861403,24.54272565647412,40.63937448501338,462.75150870354753
run_09,401208,0,471.306595388522,38.90170498077315,259.0897280066312,769.2980283759264
run_09,401210,0,402.19562928338996,103.28883574750907,77.15509280611397,582.6395578370131
run_09,401212,15.646031221574498,310.72892539118834,87.05129148313067,75.257917209727,488.6841653056205
run_09,401216,64.63484956203446,491.5569926541939,103.05552303024821,78.38018791287773,737.6275531593543
run_09,401217,8.320882608548173,461.7467416536032,40.77040883515744,42.52918338573769,553.3672164830465
run_09,401220,0,485.1426636028771,39.077051880476276,19.942906591669434,544.1626220750228
run_09,402204,0,464.4996048480583,26.124594376523042,23.14733573697972,513.7715349615611
run_09,402206,0,498.44937343600225,103.52770632019303,164.3237905385196,766.3008702947149
run_09,403214,0,497.4986840074927,65.84873511943016,462.00966289202734,1025.3570820189502
run_09,403217,0,502.60872907456724,66.20062691941462,15.48372701637093,584.2930830103528
run_09,403221,0,366.5041739127505,11.199311643651527,14.010610831845746,391.71409638824775
run_09,403226,0,486.7847369208305,49.511717853640114,24.500740168053326,560.7971949425239
run_09,403232,0,499.4003826719644,96.42411564120934,16.860002440225422,612.6845007533992
run_09,404207,0,486.812010069253,31.213891438646385,46.26103709736659,564.286938605266
run_09,405205,3.0846089266269,386.5168980383282,57.62617768347718,265.1744151584534,712.4020998068856
run_09,405209,0,456.0702469115528,39.711185214469715,56.40231451432095,552.1837466403434
run_09,405212,0,411.0510196227495,15.670076690831175,1.095063722860679e-4,426.72120581995296
run_09,405214,0,472.73726313847317,31.213196992737778,14.626142866307116,518.5766029975181
run_09,405215,0,357.64777014772847,57.47390499187639,30.9868001389737,446.10847527857857
run_09,405217,0,441.97187093652076,12.12313353215957,23.573790363993787,477.6687948326741
run_09,405219,0,398.8299516602247,54.75460587776827,30.4574029245896,484.04196046258255
run_09,405226,0,251.23988136193148,9.48671422962083,7.509766667808507e-5,260.726670689219
run_09,405227,4.234988067643395,441.7887864221192,54.61809088746082,34.37991118040049,535.0217765576239
run_09,405228,0,333.7488877737131,8.927441869867046,8.085703283162335,350.76203292674245
run_09,405229,0,206.30600857018808,13.483932692292159,6.588039382606246e-5,219.7900071428741
run_09,405230,0,187.78728434061108,12.115486949368325,76.15695047721559,276.059721767195
run_09,405231,0,493.09370998578135,19.08510352460965,27.122208064165235,539.3010215745562
run_09,405238,0,344.2268498270662,12.077143215463977,9.058976406669174,365.36296944919934
run_09,405240,0,321.30917710218574,8.801523704098141,6.99569559563954e-5,330.1107707632398
run_09,405241,7.233455868549666,105.99440511906403,113.04217733256995,120.89434161511781,347.16437993530144
run_09,405245,0,267.3903720941624,39.61993223889688,148.71055686730622,455.72086120036545
run_09,405248,0,251.3583707385079,10.44954791571714,1.3635935276194396e-4,261.8080550135778
run_09,405251,0,436.5613414164604,30.767843589453406,173.57580701499455,640.9049920209084
run_09,405264,11.088220848301631,470.2200812752334,74.44060812347718,38.2384680231698,593.987378270182
run_09,405274,0,179.3875050547626,11.24689347498277,76.82390521825603,267.4583037480014
run_09,406214,0,422.4270523056113,15.302998985303212,6.232090284288377e-5,437.73011361181733
run_09,406224,0,286.97510145262737,10.251403731670742,31.594584490073494,328.8210896743716
run_09,406226,0,291.43236099556594,13.515125968625917,1.4788071531008227,306.4262941172927
run_09,406235,0,270.0648054993974,7.843699884765492,0.0033514354743020554,277.9118568196372
run_09,406250,0,413.796287789935,18.906966101915067,19.984957589510127,452.6882114813602
run_09,407214,0,419.81800705512615,26.844324646419064,1.2170916428587968,447.879423344404
run_09,407253,0,236.89327714620546,8.838033534105287,9.122291039173809e-5,245.73140190322113
run_09,408202,0,320.6501350040691,20.93239315811289,47.809073216307816,389.39160137848984
run_09,408206,0,345.5781673024412,10.10635899047206,7.689491862244138e-5,355.6846031878319
run_09,410033,25.736164726927687,406.20596129908836,10.318086140806397,9.756900606728777,452.0171127735512
run_09,410047,0,390.0496216967686,14.977125653007846,5.724760227674784,410.7515075774512
run_09,410061,0,451.324122230235,18.68649343127158,48.12280923088759,518.1334248923941
run_09,410088,31.453153743215648,511.0862550814145,36.32082573872044,27.495464072333895,606.3556986356846
run_09,410156,0,202.25843941653042,10.71492726609685,28.49578598195147,241.46915266457876
run_09,410705,0,222.0711875791376,18.12555207573108,167.07454902916635,407.271288684035
run_09,410730,27.14127935551707,429.77110456323,49.32754676547732,37.11086676080449,543.3507974450289
run_09,410731,1.6327221685044364,380.6779701970037,13.392740484114393,3.6813963826459766,399.38482923226843
run_09,410734,0.03704316225495939,315.2242709528237,11.755398019591908,14.458092515395206,341.4748046500658
run_09,410761,1.3460922503133463,281.20562332425044,10.707786329679088,3.9443607609087437,297.20386266515163
run_09,412029,0,247.861220326068,8.152231956803323,1.6072714924749514,257.62072377534633
run_09,412066,0,312.3369012094371,12.311914322152312,1.1778601969854035,325.8266757285748
run_09,415237,0,263.25160477533126,10.742149196231523,1.9612576973540666e-4,273.9939500973325
run_09,415238,0,286.77313299593925,22.892473445983864,1.8971075339364312,311.56271397585954
run_09,415245,0,327.5524374527587,7.341459290207502,2.868677323520049,337.76257406648625
run_09,416003,0,189.19201239186282,14.807794999548832,4.463413888190436,208.4632212796021
run_09,422202B,0,172.50794605356853,38.23341019519291,1.8773243204536452e-4,210.74154398119347
run_09,422306A,0,225.37696055193615,63.07759726013339,1.1257483704134736,289.580306182483
run_09,422319B,0,111.33740811279623,17.353179634193822,10.580488229867633,139.27107597685767
run_09,422321B,0,321.9370888931477,77.65880713811515,82.45710063089386,482.0529966621567
run_09,422334A,0,207.27802479088163,29.803119517392673,3.4842509826524806,240.56539529092677
run_09,422338A,0,120.2557118654315,32.882959877513535,0.44161251995596496,153.580284262901
run_09,422394A,0,292.34030380915084,15.520757566302763,14.311135598941302,322.17219697439486
run_09,A4260533,0,269.77145028604724,7.510836752270486,4.981905571325715e-4,277.2827852288749
run_10,401203,15.60644409229062,365.7147451668356,31.71985082175199,48.565138066197505,461.60617814707575
run_10,401208,0.5352108849808083,470.37844621506764,39.58601658256167,257.4289118821267,767.9285855647369
run_10,401210,0,406.2354435190075,91.77640169030363,83.44875529356032,581.4606005028714
run_10,401212,14.469030751099506,319.68936912490636,75.86293533591154,75.00970973300886,485.0310449449263
run_10,401216,19.21755916400946,446.2335072084489,94.31774124363079,78.55867023806383,638.3274778541529
run_10,401217,16.695556606993854,468.8735596936719,40.21442272534702,42.17860523395897,567.9621442599718
run_10,401220,0,486.85915225237983,55.72922547174949,82.63334058069667,625.2217183048259
run_10,402204,0,454.3461367861432,30.124013121667442,139.93457118429714,624.4047210921077
run_10,402206,0,498.23341165910216,105.28907201796206,158.38865485767684,761.911138534741
run_10,403214,0,508.3775236114159,64.60720597930398,400.55869639121715,973.543425981937
run_10,403217,0,504.6505003182048,66.73638767786656,15.478168195460395,586.8650561915318
run_10,403221,0,361.97211493046836,8.228887480387222,14.338177183025538,384.53917959388116
run_10,403226,0,487.7145696895172,45.652727205699,21.668153889632276,555.0354507848485
run_10,403232,0,490.1686859310767,112.43229921295574,402.9181680460037,1005.5191531900361
run_10,404207,0,474.6176235181484,19.076452809287353,6.862030197193721,500.55610652462946
run_10,405205,0,389.32178823386346,58.84969189944222,264.6627940736293,712.834274206935
run_10,405209,0,455.21929844691317,44.54240062754089,56.30527881471394,556.066977889168
run_10,405212,0,411.0796902347547,15.668545297891663,7.775287594348614e-5,426.74831328552233
run_10,405214,0,466.8229562380347,27.02009504741035,17.459166458874236,511.30221774431925
run_10,405215,0,359.7220037707788,57.445815652417764,31.207287910262444,448.375107333459
run_10,405217,0,437.07193465464985,15.895235547068708,22.28542956124748,475.25259976296604
run_10,405219,0,399.01643931607543,54.78249211979456,30.213039478989195,484.01197091485915
run_10,405226,0,246.55729573268277,9.530688159774996,28.682428781474687,284.77041267393247
run_10,405227,8.664072983920986,438.66661207556086,53.88454003430628,34.70023586150072,535.9154609552888
run_10,405228,0,356.52464695718817,10.22662668273695,8.373824923093702,375.1250985630188
run_10,405229,0,123.89251904449115,17.89909402715309,151.95640270569254,293.7480157773368
run_10,405230,0,209.25190828375182,7.809508228081386,43.109111094164795,260.170527605998
run_10,405231,0,491.98301977499443,28.484665285386548,89.23055052546287,609.6982355858438
run_10,405238,0,361.30107106814836,9.273698481814321,11.145063453290076,381.71983300325275
run_10,405240,0,331.0661625158379,7.998576187436729,0.004168860812409921,339.06890756408706
run_10,405241,21.930968875349098,216.93878933854623,120.71273113734992,1.4657868087064954e-4,359.58263592992614
run_10,405245,0,337.7038542326685,14.165659709384954,8.189491754802367,360.0590056968558
run_10,405248,0,251.38705375776686,10.443543152208147,1.2419081898122422e-4,261.830721100794
run_10,405251,0,447.9368678605276,33.75780097349859,224.38964797233842,706.0843168063647
run_10,405264,4.940370224351945,480.0718500844367,80.6693498111211,28.580630547606926,594.2622006675167
run_10,405274,0,239.3670162947447,10.270580648828911,0.07737106767488966,249.71496801124852
run_10,406214,0,420.4220110433579,7.435309375826151,0.47187033351437124,428.32919075269837
run_10,406224,0,245.02481269105928,10.68352101679805,27.696251440320374,283.4045851481777
run_10,406226,0,292.44082853727264,14.529284769140006,1.448859314001014,308.4189726204137
run_10,406235,0,264.61344288364205,12.558319231865806,1.0018810039783397,278.1736431194862
run_10,406250,0,445.69974363272814,13.637183610124332,14.134168867872438,473.47109611072494
run_10,407214,0,414.0833309884445,27.62266434333378,57.84028707112267,499.54628240290094
run_10,407253,0,236.88954013522286,8.837740613197546,1.0088098664641023e-4,245.72738162940706
run_10,408202,0,304.5387156431847,15.085839694641159,85.39599217781381,405.02054751563963
run_10,408206,0,345.9520890389763,20.7638210659887,1.0588347450036196e-4,366.71601598843944
run_10,410033,8.872410037600892,395.1710215172272,11.170731250485826,12.374179858260199,427.5883426635741
run_10,410047,0,391.71650936028107,9.022445581938292,4.68145006344484,405.42040500566424
run_10,410061,0,447.88390100204583,22.0971001873545,141.06113327581576,611.0421344652161
run_10,410088,39.50871439470325,513.9973753951123,33.93447254877833,27.946026053712387,615.3865883923063
run_10,410156,0,198.83210512236886,11.13160304174513,22.562150883124694,232.5258590472387
run_10,410705,0.11756108996163149,223.8872854039725,14.664535672328398,6.312695036976004e-4,238.67001343576624
run_10,410730,12.582618680579877,435.5563432694266,47.657331236923135,37.76132479629798,533.5576179832276
run_10,410731,1.161258521703887,374.73158999770857,13.631855633699747,3.7595886382146153,393.2842927913268
run_10,410734,2.996444582424351,320.9408059094749,14.834611092194123,3.9098369035845444,342.6816984876779
run_10,410761,4.779349665967326,265.7602079683731,13.91398922834859,25.39094505935591,309.84449192204494
run_10,412029,0,243.91245745085178,10.751128113560092,1.5452026245087365e-4,254.66374008467432
run_10,412066,0,313.8451715337304,17.863509564493473,2.3327452281712047,334.0414263263951
run_10,415237,0,262.8452349233247,9.438352768351098,1.1271144196892353,273.410702111365
run_10,415238,0,297.5800502866341,13.627177850882848,0.17259189263426158,311.3798200301512
run_10,415245,0,328.59902920354847,7.301083544965001,2.473253651862739,338.37336640037626
run_10,416003,0,163.12686956235567,23.88784453092417,14.385568999041888,201.40028309232173
run_10,422202B,0,172.1707066096539,38.14365384580941,11.047381004989795,221.36174146045312
run_10,422306A,0,230.58503285899172,39.231930991632254,6.49790055637443,276.3148644069984
run_10,422319B,0,112.80802991861945,17.21849054399881,13.80643465096278,143.83295511358105
run_10,422321B,0,323.58345433215175,77.38930740968176,74.81223214423095,475.78499388606446
run_10,422334A,0,204.1117904163303,32.81804775883072,9.146572704935702e-5,236.92992964088808
run_10,422338A,0,124.54853150945195,12.452609630410748,0.0033069493508645228,137.00444808921355
run_10,422394A,0,295.1058821624298,19.90652436691323,9.193812027959272,324.2062185573023
run_10,A4260533,0,274.4440431386185,7.435172904917238,11.495277156328173,293.37449319986393
